<?xml version="1.0" encoding="UTF-8"?>
<dds xmlns:xsi="http://www.w3.org/2001/XMLSchema-instance"
  xsi:noNamespaceSchemaLocation="http://community.rti.com/schema/5.1.0/rti_dds_profiles.xsd" version="5.1.0">
    
    <!-- types -->
    <types xmlns:xsi="http://www.w3.org/2001/XMLSchema-instance" xsi:noNamespaceSchemaLocation="file:///D:/Program Files/rti_connext_dds-5.3.1/bin/../resource/app/app_support/rtiddsgen/schema/rti_dds_topic_types.xsd">
        <struct name= "HelloWorld">
            <member name="msg" stringMaxLength="128" type="string"/>
            <member name="time" type="int64"/>
            <member name="ID" stringMaxLength="8" type="string"/>
            <member name="data" stringMaxLength="65536" type="string"/>
            <member name="file" stringMaxLength="128" type="string"/>
        </struct>
    </types>
    
    <!-- Domain Library -->
    <domain_library name="MyDomainLibrary">
        <domain name="MyDomain" domain_id="0">
            <register_type name="HelloWorld"  type_ref="HelloWorld" />
            <topic name="For_sub"    register_type_ref="HelloWorld"/>
        </domain>
    </domain_library>


    <!-- Participant library -->
    <domain_participant_library name="MyParticipantLibrary">
      <domain_participant name="Zero" domain_ref="MyDomainLibrary::MyDomain">

        <publisher name="MyPublisher">
				  <data_writer name="MySquareWriter" topic_ref="For_sub" />
        </publisher>

        <subscriber name="MySubscriber">
                  <data_reader name="MySquareReader" topic_ref="For_sub" />
        </subscriber>

		  </domain_participant>
   </domain_participant_library>
</dds>